qx,qy,qz,qw,fx,fy,fz,tx,ty,tz
-0.40061171644154875,0.8305011625966982,-0.12059281066574484,-0.36774372270784556,-2.63360078246187,-2.568146667530846,7.2850468523633305,0.09999749739034273,-0.20000125119021026,-6.16594434982475e-06
-0.39703477245441915,0.8287332376868767,-0.11743184861100987,-0.37652937620708343,-2.3551528038963445,-2.69055623710748,7.12916595982935,0.16076711990526799,-0.20004195125000127,-9.701017562319078e-05
-0.3929630024024983,0.8289996856404803,-0.11018462909934111,-0.3823597095158426,-2.3380756621170473,-2.7058235918034144,7.096956724624703,0.16099874466212233,-0.20104432036492334,-0.000110755216107929
-0.3891752204181953,0.8274591884049834,-0.1052322279916285,-0.3908709729930496,-2.0538694421478705,-2.7148494012997886,6.948410044313718,0.18128000571527672,-0.13365695897698818,-8.71994883682828e-05
-0.3854781610701242,0.8254726120224789,-0.10193202158908336,-0.3995139761179125,-1.9581364603381761,-2.800535374505785,6.837747439073524,0.1857006336033811,-0.1036071251650309,-0.00012385956034326585
-0.38190176396858017,0.8232550965721348,-0.0984873068137921,-0.4082919776854033,-1.7762246215574258,-2.783436028912948,6.684761977209358,0.20054665358048468,-0.10007479646483768,0.003357791557514611
-0.3779088414010624,0.8219155960106056,-0.09324469437751956,-0.41586667045566494,-1.569419352288534,-2.8483123594434256,6.61131874006319,0.19998385234396407,-0.10004815133215791,0.06458391212857183
-0.37366582320259123,0.8228926564380642,-0.08486421957849194,-0.41954688985376776,-1.4744002480794944,-2.9495336218931185,6.545500940183149,0.1999975270324767,-0.0778199734368765,0.09989110515911881
-0.36920400033627143,0.8236999920560105,-0.07637571430139123,-0.42352506358841974,-1.3591811898912436,-3.1208099194498553,6.507271091453054,0.19998077499082614,-0.0952199330405151,0.09992075518053066
-0.36472030893128826,0.824478534778875,-0.067744094432116,-0.4273464398020859,-1.1067078117773832,-3.287794616005408,6.4913584801360305,0.22512026193376067,-0.043028232660583775,0.09993446038629838
-0.3602818031784089,0.8250564886231575,-0.059210730939445164,-0.43124575617732924,-1.0470228784544235,-3.4450645456083406,6.380823904261724,0.22762055862291808,-0.0001698769242283746,0.09993785946338145
-0.35595182990182134,0.8264835525399636,-0.0501366718009646,-0.43325459756497514,-0.9672581050601209,-3.5877521858038643,6.442982285411474,0.27074055323536517,-0.0001397554593989634,0.099942629767429
-0.351444893863135,0.8274863619385164,-0.040936313527470555,-0.43597823984468415,-0.8253571585521593,-3.747359272674219,6.335683529698556,0.29997400242368466,-0.000330151394498558,0.10010145781852266
-0.3483082735119021,0.8309935614997416,-0.032356425845365404,-0.43253220580165674,-0.7306847550197553,-3.961516847112671,6.436723248090262,0.30095675868661337,-0.00027137721327793817,0.10004074929761865
-0.3452476595252333,0.8343900094647679,-0.023622081867065065,-0.4289980920074107,-0.7042857092593301,-4.20201778240559,6.583169714373154,0.3000067603750629,-0.00022232522216061182,0.09997946939624199
-0.3416318034261135,0.83739343989666,-0.014400853552340331,-0.4264417347338604,-0.7532554311576627,-4.42272844388475,6.571971787117158,0.3490068642846764,-0.0001997794526403501,0.10012389385014984
-0.33829027437948933,0.8402639943677697,-0.005390743759854456,-0.42365911994324656,-0.6129320611054863,-4.5857807578083625,6.640241182743114,0.33597949380975184,0.011815772883828266,0.0998007403988076
-0.333823737711561,0.8403466427485576,0.003498612092872273,-0.4270444846557964,-0.5272544448710439,-4.78340823540481,6.62437773502674,0.38169864426957506,0.0020516501326877977,0.09981349550097546
-0.32932645154262546,0.8402099982393064,0.012376809616742524,-0.4306251987015604,-0.37544499244490015,-5.02008219378901,6.524986626050717,0.40005036035483,0.02483353892339648,0.09985624300921882
-0.3247489792505152,0.8400153421813387,0.021138769070332592,-0.4341261081965792,-0.22861221413484006,-5.083282353286767,6.422740563140229,0.40008802330894816,0.0749306779840145,0.09985517968455077
-0.3200031658828639,0.8411510360748864,0.03077672323687995,-0.43487435155673415,-0.1833660884971693,-5.239266639571846,6.413136517008082,0.4000259916619202,0.06875385293873774,0.10020581160148867
-0.31644907354260365,0.8441453220706758,0.039329007385275803,-0.43096622635458526,-0.17669763583676537,-5.547693770735667,6.429069737773113,0.44971508750628414,0.06356005336267072,0.10010614389656584
-0.31293641409046163,0.8469010046691213,0.04754454243140255,-0.42728094447520687,-0.1745016648898089,-5.7383339316316775,6.467769533582319,0.5002344476785826,0.08333259252202371,0.10018831401737553
-0.30920597737864863,0.8491834096387445,0.05633689623937917,-0.42438821198254845,-0.13315440067410894,-5.910764327450305,6.592184336595307,0.5000859092281771,0.09957614938607849,0.09999672151930523
-0.3054805988764375,0.8515404859067935,0.0648679296929815,-0.42113246878988253,-0.11698440332008583,-6.176971875524611,6.493044726499686,0.5120515835229845,0.09953594342934984,0.10021800467073935
-0.30156154228638593,0.8542972069783087,0.07381193256842572,-0.4168797392215542,-0.15223483576566613,-6.292004418118717,6.663122955731624,0.5308424707866372,0.09960859128947651,0.10013558918120047
-0.2976451081851022,0.856933813376124,0.08268340981055683,-0.41259578622209997,-0.11706902368407149,-6.607999098156776,6.695322765182643,0.5752612682752661,0.07847834685673999,0.10015944783955641
-0.29367159079601396,0.8595617435956571,0.09151448659728853,-0.4080878636384168,-0.1803937550299211,-6.786299107419933,6.7567667308576285,0.6011450126928339,0.09951581367291067,0.1001900741543036
-0.28991480516511814,0.8618957368410671,0.09988547047707899,-0.4038663607541958,-0.1271653275583593,-6.995729291558187,6.759437618416153,0.600063506740727,0.10047883991541169,0.10011639839368923
-0.28628088766033155,0.8644408326268558,0.10803837843297422,-0.3988897203907046,-0.15551426572085306,-7.256569441620476,6.9074775445638,0.6251389927341567,0.09965388630983515,0.100258718831924
-0.28285255633489675,0.8671427967438308,0.11554823694080656,-0.39332735268472313,-0.1808295043678128,-7.407087223901663,6.839868699518393,0.6267912908668679,0.09416817482996791,0.10025216632029735
-0.27950884572332363,0.8699640052568155,0.12323046965802305,-0.3871068148041285,-0.27780099626558213,-7.656240858418199,6.909660949398438,0.6798579492660751,0.06991849458008458,0.10025150267009761
-0.2761974044480786,0.872564074949467,0.1304628471965085,-0.38121696497546653,-0.3395236914861235,-7.833131329178009,7.009926678650543,0.6999924458931327,0.044562914245462916,0.10025551764716291
-0.27291669180710043,0.8750830997045045,0.13745608331239947,-0.37530237556540874,-0.3108960153162971,-8.042625521729404,6.997609644303631,0.7000196997691378,0.06605046958503161,0.10027127833630571
-0.26944370861503947,0.8775620662710453,0.14453421633990646,-0.3693166230172646,-0.4516867815392851,-8.2191864681783,7.037747028311032,0.7000162867874818,0.0800145394804492,0.10026042510738509
-0.2668027890340464,0.8806738170573021,0.14996814667917044,-0.36157911263648884,-0.4663051971839673,-8.47590573015795,7.117319128324635,0.6999593565080795,0.022191195641938624,0.10039190865878432
-0.26382872779717065,0.8837431202342477,0.1556968358709904,-0.3537668655023027,-0.5896773579576573,-8.618961510277218,7.281128700911104,0.699934168247981,0.006984395593744595,0.10047298407084776
-0.26025287997718816,0.8855011615903712,0.16372216141121926,-0.3483549700356251,-0.6347160206432491,-8.84220057615859,7.347201201257537,0.7000000476099009,-0.000630296787339905,0.09999768033357594
-0.2567595883110538,0.8872548803455542,0.17119110244539762,-0.34285113031294484,-0.7473924418207212,-8.986495359659212,7.334639430789437,0.6999415761705957,-0.000347605192647176,0.10040751524886894
-0.25491213296000004,0.8906991229317277,0.17363180639586304,-0.33395639339013095,-0.8356538969775622,-9.162699373412849,7.400996689655393,0.699945514279297,-0.0003322681359345529,0.10038011076989382
-0.25284471604668557,0.894229980694209,0.1763298863902012,-0.32454593258970965,-0.994611407528135,-9.29796774041465,7.410871926629296,0.7289185171264472,-0.0004844492151465694,0.10054193493941334
-0.2507484037651076,0.8975894770648892,0.17928826602469022,-0.31514137515960894,-1.1370614420090364,-9.394580018601902,7.625993630040958,0.7223038714396964,0.0005571080297270578,0.10035650556434492
-0.24807012395176675,0.9001139786487606,0.18441369984891587,-0.30699776277961277,-1.2847802416891654,-9.650285231676378,7.694433860100429,0.7414494334070336,-0.06589244578313809,0.10032621200201519
-0.24476147827070663,0.9023392452515193,0.19062248228098638,-0.29923030341643525,-1.340971022021858,-9.830115176181263,7.72674739959601,0.767163901003573,-0.0777723520908652,0.100221267888684
-0.24109263371034315,0.904000419531482,0.19799709683649036,-0.29232641533367526,-1.4544193520316848,-10.054359158060038,7.759668765110954,0.7999130614753953,-0.10042668587059728,0.10022202083501248
-0.23742495867938884,0.904933368798745,0.20588870645098156,-0.28694046000274454,-1.609828218648178,-10.232627350797031,7.75434746372627,0.7999019294276013,-0.10129204206353179,0.10006296823805862
-0.23351474229930305,0.9055627548094659,0.21432887766528985,-0.28193987733117587,-1.6439679755701666,-10.401779058708533,7.844745390723175,0.8000125553874736,-0.08909986162967944,0.10006136899445449
-0.229809224062739,0.9060267135354934,0.22266202161110787,-0.27699266962829416,-1.6963625039058388,-10.603179324846675,7.795528707856129,0.8536275461497262,-0.10065141078042268,0.10008845356354737
-0.22609153936794005,0.9064045299355828,0.2309123708806728,-0.27201639824238005,-1.791895639677013,-10.850101748976195,7.724642525797175,0.8624038646184011,-0.10074632568795121,0.1001266081791055
-0.2223051964350176,0.9066675056079451,0.23917302159006376,-0.2670780778276907,-1.8494953703747765,-11.076039537195822,7.755478604152137,0.8999113932191191,-0.10064128583983976,0.10013385834452049
-0.21835405078642459,0.9068525639374527,0.24766716792252283,-0.26191775372903775,-1.89742476575684,-11.348921186850454,7.826125913957348,0.8998981446815834,-0.10042060242523873,0.10011217758358089
-0.21449549194365444,0.9069690675377271,0.25604973052303637,-0.2565878601272399,-1.9575766713413958,-11.497094131206438,7.6888433668571885,0.932185409972405,-0.10085113809152305,0.10004375938276061
-0.21051806472031187,0.9069865725716727,0.26438230150697345,-0.2513155392151071,-2.100968101055722,-11.707319768685567,7.641109676401512,0.9805636782398164,-0.12243871501822336,0.10012040953512134
-0.20649320786610365,0.906866387766342,0.27278177252191815,-0.24605693329917186,-2.0915384359147997,-11.86151849439252,7.667416867582935,1.0005808875038351,-0.13992039100383916,0.10007574148920867
-0.20262486982407366,0.9067249301956017,0.2807792638839732,-0.24074066557881837,-2.2096752051134545,-12.096588350446941,7.537044218756557,0.9992337755896784,-0.1416549703222546,0.10001600004392448
-0.19901014871446915,0.9055199976623997,0.289948069103624,-0.23739968779510345,-2.290712534657546,-12.278040658103693,7.56154018587848,1.0428032475209912,-0.16020892721986843,0.10069975108296107
-0.19569090542164547,0.9079652583916918,0.29223237560664,-0.22782536675327564,-2.477251022205582,-12.170710266593881,7.5938129848372355,1.0192415413245668,-0.17857172194063484,0.10064535926824295
-0.19200503351309084,0.9100348982630146,0.29536153630250744,-0.21847680408245623,-2.6492333517435482,-12.367553613212403,7.516068495431286,1.0736767186465583,-0.2003497604612918,0.10066412087977737
-0.18878486528338745,0.912091047216167,0.2976120149951916,-0.20946905441747457,-2.796665093457225,-12.416542789470848,7.691172996138575,1.0824032515132709,-0.20077397007333517,0.10041611829779161
-0.18535830833159322,0.9132869612847361,0.30193283663423715,-0.20096215076910878,-3.0029556520966394,-12.599220546311072,7.6552884434099715,1.0998473907112456,-0.20081265899692566,0.10004995318499822
-0.1822705835598055,0.9113914539177173,0.31116697043370284,-0.1982880949669663,-3.058568167410794,-12.796508096752031,7.562947934907399,1.1000222492583374,-0.20023226603139596,0.09928791858307602
-0.18117494623816657,0.9077174981306603,0.3194171532608323,-0.20297109312845057,-2.899607544978804,-12.905476446067798,7.478426588543954,1.113694157835736,-0.20042860183081068,0.10018141641935964
-0.1790737030865155,0.9110469420773932,0.31673103598025804,-0.1939266073574902,-3.154274744633071,-12.900358504093315,7.532934936574113,1.1044837155319878,-0.20017393440619138,0.10106458725010549
-0.17849001933698225,0.9149943228537191,0.31035608502432793,-0.18602634929202888,-3.311993789142157,-12.903818436075646,7.63217716189763,1.0998575251750133,-0.23397071429673647,0.10097730344781328
-0.1793693426701372,0.9187060083773144,0.3017747388500574,-0.18093622101029028,-3.3734469973838506,-12.773377093772503,7.839167214117062,1.0999203913846902,-0.24997910548439023,0.10065961945927884
-0.18121760852410104,0.9218699528458422,0.29224480028251826,-0.17863075073637633,-3.485830472290855,-12.672420871690319,8.060708797822057,1.0861010333969079,-0.2650075934238498,0.1005820940165145
-0.18280175681067323,0.9249327004087986,0.28260853915975304,-0.1766788923878842,-3.4549474293022926,-12.389436854554635,8.105466913495635,1.0365686923540331,-0.27809204269477744,0.10054788848388244
-0.18397045707264373,0.9282613724313179,0.27357696220036654,-0.17216660863718,-3.5849527143402087,-12.265092934474696,8.221680730320262,1.0259568226600786,-0.27860235429537916,0.10103901152272331
-0.18248282192835977,0.9311069570643739,0.2705611718410103,-0.16290029619188573,-3.795695431544254,-12.205449884751804,8.370224793441468,0.9996420180057253,-0.30014066453362637,0.10120895412964269
-0.1817177869195396,0.9341881173538974,0.265064747188289,-0.15495769458098602,-3.962983446437258,-12.240473971054422,8.542942851714521,0.9998473162898366,-0.3001579502045811,0.10104726140273415
-0.18310967032742786,0.937048180074498,0.2559447356574457,-0.15134017688932455,-4.0399195711184195,-12.112223484239498,8.57373300391709,0.9999891455717838,-0.29987069015477424,0.10049515509645071
-0.1837391307378077,0.9399223846289085,0.24735910435018643,-0.14696705822834788,-4.122523108314299,-11.970838761373418,8.63975921319655,0.9998629816096369,-0.3377962717439487,0.10097856522169349
-0.18360448381060776,0.9429239415646302,0.24021370008182377,-0.13957511326114627,-4.271126902140507,-11.855452991036492,8.83057213910934,0.9999337731402379,-0.32971225982918456,0.0008628009145658463
-0.18332703862493832,0.945681682156307,0.23372849789548272,-0.13209217317672328,-4.500069513075122,-11.83850430730919,8.822065253865432,0.9551790468268341,-0.38273230828903193,0.0008469507079479469
-0.18300446849312482,0.9483607451000968,0.22691784968828896,-0.1250182033048838,-4.609647548716482,-11.69195763281792,8.899829222997564,0.9424140548154984,-0.4001197223805342,0.0007064392838261354
-0.18306783771670562,0.9510403601238283,0.21890197017701696,-0.11870268599273373,-4.827329437939698,-11.549262837054831,9.077735628589805,0.9143176044283331,-0.40007369426999706,0.0007256580921691566
-0.18334923101075212,0.9535863275616845,0.21054236123061357,-0.11281883487531472,-4.93988073139638,-11.498175435567623,9.170091199569946,0.8999208514628665,-0.40017727856079566,0.0007789903877397145
-0.18367574109588844,0.9560547163359083,0.20167464471079802,-0.10747064336606227,-5.075493422935422,-11.226928524939499,9.29006767055942,0.899972287099416,-0.41738024564710474,0.0008193157552516289
-0.18347133518058098,0.9583021378879398,0.19461088890560307,-0.10060757230859929,-5.2338142792165945,-11.213617598136358,9.297849722441931,0.8999523215281785,-0.42326607867669924,0.000864587475191834
-0.18352872476999954,0.9605085564678398,0.18584652182623146,-0.09592492096142963,-5.2965108906837255,-11.021016148810965,9.39509679045522,0.8999624329558403,-0.4429078452920979,0.0010889116120314337
-0.18327763581676126,0.9625441203864121,0.17910621863610202,-0.0885386184940989,-5.58113103457359,-10.923718284176593,9.457554230766942,0.8784125342955443,-0.5009303346988239,0.0009149807515340614
-0.18328362187148475,0.9646408703025016,0.17054799501039275,-0.08239227326417256,-5.645277648967002,-10.815804003647813,9.573752380913081,0.8321487118437622,-0.5000760004234486,0.0008131791618027004
-0.1830086979979016,0.966512567620602,0.16312535480450086,-0.07583793053907564,-5.822598339179252,-10.634822656288932,9.590886625313969,0.7982586128833518,-0.5001315335419971,0.0009357820731201846
-0.1834748413022592,0.9683111428566067,0.15395588347155734,-0.07076792474939118,-6.001266329649314,-10.519331370397852,9.755280466690234,0.7999605317279289,-0.5000626175292384,0.0007254153120887368
-0.18437472536876423,0.9698670298759401,0.14383449850681734,-0.0683779353600815,-6.054089295560091,-10.262344640286102,9.734891212250504,0.7999990016748202,-0.5000012644322072,0.0005769622899782594
-0.1848648113686781,0.971330352984084,0.13442498890037471,-0.06536259823914546,-6.1544880607172425,-10.151744665194737,9.764545672070465,0.7881971825215726,-0.5369219010455382,0.0009454293111568635
-0.18538552327427993,0.9727858451871665,0.12425151460385021,-0.06230143082193958,-6.233811524496015,-9.91013862327331,9.945118250867663,0.7467667715010213,-0.5315992961708287,0.0005524607980791376
-0.1861615854555343,0.9739130201103983,0.11429248484519361,-0.0614371326482273,-6.3121814405443315,-9.7200903577372,9.841720357085318,0.7000479932019082,-0.520723312381207,0.0005485037732280567
-0.1857402330830923,0.9751562658127554,0.10855163850619992,-0.05279550016791727,-6.48751554534721,-9.589636738546362,9.977301082182928,0.6998559712231721,-0.577915976239006,0.0008613895809227639
-0.18542457608461968,0.9763408178034408,0.10154291433227342,-0.045446348848461625,-6.660869503627016,-9.508142925189947,9.968498758077617,0.7000811520406265,-0.5999049623263895,0.0006264333604809871
-0.18588916770632286,0.9773119217484826,0.09172098544575025,-0.0435187978533295,-6.710688675380706,-9.299941203152404,10.00838458260007,0.7000367028398455,-0.5999568405148157,0.000635764576857273
-0.1863610887241555,0.9782521157802576,0.08147185574280191,-0.04067774948077731,-6.805258934307006,-9.14998034436657,10.09860704011481,0.6999478334582956,-0.600060058257343,0.0009782235080311838
-0.18659870920911462,0.9791170014856011,0.07230809475680294,-0.03581003429178654,-6.957004635993637,-8.962686590078118,10.099516741186227,0.7000499522120944,-0.599941406726363,0.0006106578718284704
-0.18689837755840033,0.9798176573740435,0.062278064769507244,-0.03387915897191378,-7.015093594747515,-8.794963197783757,10.130336507060603,0.700043960895257,-0.5999482967187829,0.0007029070424491445
-0.1871564394780706,0.9804388453061795,0.0519238738727824,-0.0318755250720704,-7.079178541212563,-8.505655984315453,10.21955615258318,0.7000343491655334,-0.5999595618778646,0.0006588624350362495
-0.1878562287340459,0.9807611800630006,0.04147541725263344,-0.033126043696347016,-7.181058002292846,-8.359625214887972,10.204438843648928,0.6706791574334725,-0.6260939782580915,0.0002957163831614407
-0.18866182106627133,0.980890042069704,0.031390079874964456,-0.03572261924741769,-7.110312248023144,-8.127528774234108,10.167786744608465,0.6419632089346491,-0.5999531229943749,0.0005945691629678112
-0.18880456089208042,0.9811919421631311,0.02148700578174051,-0.03396349515328309,-7.1496386222399675,-7.890995391321853,10.15533715584479,0.5990487528696818,-0.6108628563178637,0.0006429905376759223
-0.1892857950056174,0.98139480334292,0.011717394004170453,-0.029963819155007496,-7.361232123003916,-7.758802904484887,10.148188910558739,0.5999859294590586,-0.6466319358849664,0.0007848910896443617
-0.18962229285248874,0.9815839969491161,0.004050404655483064,-0.022799938791351705,-7.427461601858453,-7.550002740361015,10.084012724928183,0.5999248424596053,-0.6697617859850107,0.0006720524714710497
-0.1895151379233931,0.981795368952989,0.0014027392654645393,-0.012645090861463948,-7.7352690239560875,-7.57299381921414,10.223645523405395,0.6000187835960846,-0.6999838219347797,0.00033143075170489225
-0.18922168900092431,0.9819248311047427,0.0035315773166366376,-0.0025112612800417826,-7.8558740585565765,-7.5505638534141815,10.118013491322742,0.6173332957123991,-0.6999893762571606,0.00022142191646178436
-0.1891513952782784,0.9818961180772621,0.007394587602657685,0.006861708480441455,-8.05334395527311,-7.715828658843341,10.13044373037448,0.599870178772208,-0.7000328640246585,-6.978262135823058e-05
-0.1889648861967923,0.9817676377711555,0.01538669030994559,0.013704998036646543,-8.154685361070362,-7.988946246656648,9.9315105296395,0.6547150353504018,-0.739066989668365,-0.00017470102506407674
-0.18876417238628668,0.9815425499993342,0.019663493856682777,0.023572373098034827,-8.263432416696588,-7.941648524683726,10.142454878948332,0.6533768036699265,-0.7137604148722199,9.674446736132619e-05
-0.18852353840563715,0.9812033508956708,0.02521861356068041,0.032601858661777366,-8.502437404318876,-8.123666901998364,10.017969592707106,0.6999667742492909,-0.800484035734142,-5.5141373038385215e-05
-0.18822809134164384,0.9807825687379865,0.03136854097813034,0.0406417657896639,-8.698465913643533,-8.373387871768967,10.017863741100209,0.7000349087440493,-0.7999694487860147,-0.00011549585351660966
-0.18800764525285737,0.9802443338167686,0.03767509717034377,0.04852585290132003,-8.691423702704324,-8.366543664867443,9.953777755852697,0.6999933348006514,-0.8000063184066399,-0.00044583081190627895
-0.18798625795507368,0.979537883846284,0.04615389033874968,0.055104621735304234,-8.854537313482586,-8.60369565294954,10.07053566258533,0.700016546700375,-0.7999852936049208,-0.0006036236649510433
-0.1878757381914029,0.9787877712412626,0.054657426688896144,0.06074348998325082,-8.947335286175617,-8.848482014927518,10.056264562937546,0.7000037967734548,-0.799996522568135,-0.000498379010132716
-0.18742538770773545,0.9779865306181758,0.060840175901872545,0.06864796405034973,-9.063715672924106,-9.015307451667125,10.039543300887226,0.6999306628014569,-0.798942157132484,0.00038437755032715297
-0.18663723334489682,0.9773316094489772,0.06167310141871927,0.0786504727425762,-9.243264141680658,-9.047541564949354,10.048253330194807,0.6998658024915522,-0.8121332306919448,0.0006165892527360947
-0.1855518848620384,0.9771274977033869,0.0562932482735715,0.08731220679190509,-9.527165919016396,-9.024133715484679,9.965714077927528,0.6997471164143542,-0.9006471419002738,0.001126109331159544
-0.18423046314034125,0.9768557879860569,0.05038183680185327,0.09629941043280994,-9.66287193781297,-8.905242761077885,9.954966702549674,0.6998743131107457,-0.9000800587460404,0.0011198234951511567
-0.18283634896408185,0.976654816615429,0.043300503651227534,0.10412158788127238,-9.856195510401331,-8.75350959116092,9.983359136910083,0.6998699735791694,-0.9001005234100462,0.0010333641248907945
-0.18181642561023245,0.976325105313153,0.03610318573724516,0.11148379296203449,-10.049283941220162,-8.690376517813124,9.932710136053505,0.699732156520809,-0.9002077511776848,0.0009559552039050489
-0.1804769097182954,0.9759444807939675,0.029101392410192915,0.11880052367778308,-10.24978642417963,-8.532995205416197,10.010222591631276,0.6999133639663637,-0.9000668409931504,0.0009821842483296894
-0.1793289730765371,0.9754880335243761,0.02186238410302834,0.12564335249981146,-10.398559707081832,-8.439625272848431,9.816550211589128,0.6997890861602526,-0.9001635114913032,0.0009420566030826754
-0.17810950024657665,0.9748825001343038,0.014030423913990198,0.13298219451715187,-10.579164030932096,-8.241286332739095,9.807813489560179,0.6997595348851945,-0.9001864532212764,0.0009709655779066947
-0.17706192798737724,0.9745897915029833,0.0048928160456988105,0.13711262635770374,-10.736184294244039,-8.165515523875102,9.842700762141682,0.6779652743582748,-0.9001719101963274,0.0007325839184789754
-0.1756559209282677,0.9745775846076059,-0.005590017495477552,0.1389686321716062,-10.763903159710996,-7.853682484306265,9.8139695828105,0.5988586990334505,-0.9001596220034859,0.0007923953480927946
-0.1745602392016655,0.9744429738031426,-0.01542746162955153,0.14054041099702977,-10.882713392654924,-7.738704137799231,9.806513884463302,0.5996914533229684,-0.900138317300896,0.0008114189994563824
-0.17297832843950267,0.9742502359434129,-0.025808111087682037,0.1422986895813372,-10.881552076056094,-7.462014783839219,9.700138915133426,0.5998303161343642,-0.900172516534853,-0.07220204619497446
-0.17192683152088836,0.9738768892653874,-0.035688190986734494,0.1439837566604471,-10.985901695653356,-7.274196056220565,9.723395835277698,0.5997393779394923,-0.900248591777245,-0.09932346928979528
-0.1704224307609349,0.9734258332929736,-0.04610076951649458,0.14585287525928803,-11.044947676267208,-7.098461074984207,9.65403856018829,0.56942646972527,-0.9001637709253336,-0.09919516984635242
-0.16887452297687638,0.9728351207075491,-0.056331215433020915,0.14798654525023355,-11.181504682348043,-6.84659670434356,9.709011442969082,0.4998664413214683,-0.9001603884393661,-0.0992243367589078
-0.16736127771138135,0.9725127900308597,-0.06672576879843577,0.14750168720209436,-11.077629946540627,-6.661178922765844,9.58526048383275,0.49965384224605175,-0.9002589537669708,-0.09939745515434079
-0.1660635159008102,0.9728292583713761,-0.07564422833577863,0.1424924330017011,-11.094137557454546,-6.413033243953567,9.613148783804109,0.49968121107734237,-0.9002574983675509,-0.09942687873279754
-0.16469392700819188,0.973192411292598,-0.08386042000647839,0.13689364837513882,-10.969978839358069,-6.206717174037702,9.693421052241096,0.4997419008499165,-0.900215327502399,-0.09934986997807041
-0.16321673676443355,0.9735111768754678,-0.09193824664744726,0.13108639953063153,-10.890980954642007,-5.988877696485611,9.765560196548467,0.4437529795102243,-0.9186057220764301,-0.09927659977873786
-0.161598195988688,0.9737326477357074,-0.10042974295891287,0.12507845744178717,-10.807557382551268,-5.894979264174308,9.785277734979426,0.42430855356657016,-0.9002042561459788,-0.09932733157746092
-0.16002037343214748,0.9738420536241555,-0.10925012143288329,0.11869939193872821,-10.741158770287743,-5.577087226257408,9.66145088144457,0.39971110002352506,-0.9001986350853839,-0.09936517253610705
-0.15856346234086138,0.9738165569578533,-0.11800397494002093,0.11231208173471478,-10.643480122659295,-5.3908993576560995,9.745590538151253,0.39969961053789016,-0.9002034743563601,-0.09936763101028263
-0.157070523633304,0.9736562421869867,-0.12659258461456674,0.10628588888690475,-10.522770715479686,-5.249075519320738,9.618676219967373,0.39955073961845855,-0.9002777930819091,-0.099260362359412
-0.15543888764993471,0.9734231249481907,-0.1353492304842275,0.09983365078758545,-10.441931056650635,-5.094660144731389,9.741869008979528,0.36330939334043233,-0.9002212650926794,-0.09925485627655439
-0.15380088088788416,0.9730607554556623,-0.1440061477686524,0.09359639221145018,-10.335042407091525,-4.828984097971416,9.581310282020622,0.30669581880514607,-0.9001732181243494,-0.09927376346333922
-0.1520473462876549,0.9725985029387527,-0.15266343739334304,0.08733631233014068,-10.189025219397776,-4.699997152897226,9.5657269518078,0.29975000008067787,-0.9001661677205247,-0.09925129198297974
-0.15085926101376554,0.9712991324396119,-0.16270709949135634,0.0857081003379961,-10.238108869733605,-4.49104499557543,9.466963668555692,0.2999216065695429,-0.9001171943856212,-0.0991769443172186
-0.14989686913911893,0.9695080706671693,-0.1730979929834798,0.0873047212847285,-10.295096149611696,-4.2761854319004176,9.403996884302773,0.29995325251972615,-0.9000897807907177,-0.09932991907566212
-0.14901396281377782,0.9677425541860001,-0.18285615775531944,0.08850318228771437,-10.419696152791104,-4.063175446485474,9.347339740217587,0.23855502113872848,-0.9001167040791626,-0.09931027500505167
-0.1471449597933983,0.9664844553969055,-0.19259060772502043,0.08464641811472765,-10.241274107067705,-3.843436011529489,9.405192926264853,0.21722391529264182,-0.900114149632372,-0.09924902944334689
-0.14611144138150867,0.9644415478456159,-0.20297262942632924,0.08547548882769067,-10.375055106915964,-3.6857026875404597,9.18006124626435,0.20004599316821448,-0.9000673478801787,-0.09929939525213016
-0.14516991622379685,0.9623873379456593,-0.21273195045456786,0.08649522785239909,-10.343836077775519,-3.489192588679753,9.180834962420072,0.1999746177486759,-0.9000837839388717,-0.09929417982214402
-0.1446152937300685,0.9600299533481346,-0.22290960860827672,0.0879784739799989,-10.415083282838761,-3.2800825998836385,9.095527654027496,0.1998983091189405,-0.9000892924194285,-0.09931953315301384
-0.1436251592495961,0.9575921028300313,-0.23326493695810688,0.08931207876887347,-10.440659567573588,-3.1119323622904207,8.974082223228308,0.15589079426026908,-0.9000943447498253,-0.09930953438588659
-0.14316576269280204,0.9549962712800908,-0.2435114764415333,0.09048672319725248,-10.509468423391734,-2.8552805025324344,8.917036800458801,0.09765477079732608,-0.9001166934228099,-0.09925751307741822
-0.14126055942246005,0.9534361201465393,-0.2524767861916278,0.08520851827085404,-10.389407863810215,-2.6836873388021285,8.859032256433716,0.09933394571162647,-0.9001637016411056,-0.09918450081195845
-0.13916737906026214,0.9520231778942438,-0.260879256840862,0.0789070510651722,-10.397892343922628,-2.607446122742462,8.683384146043238,0.09938206431103427,-0.9001649181365436,-0.09912782379083021
-0.13665257293580527,0.950579681159507,-0.26915479914683643,0.07266387116676874,-10.244824370145285,-2.375256707262328,8.713064628225284,0.09953948496933675,-0.9001451732044747,-0.09914917089277106
-0.1353379050462329,0.9480535803783,-0.2789701088730555,0.07108965146165007,-10.256467529202961,-2.172848663693079,8.59945406235305,0.09997290041561754,-0.9000791481173053,-0.09931410900757684
-0.1348167362890449,0.945164718745426,-0.2885084796032295,0.07246350289823748,-10.269563961720396,-1.9618009650041244,8.466023347683285,0.03665630009407721,-0.9000719732746585,-0.09932461954887174
-0.1340293659885473,0.9420486353988359,-0.29853973043990084,0.0738547692757259,-10.341979567257587,-1.8936212794921938,8.29184531423825,0.04308714278035184,-0.9000806331265311,-0.09928801966030984
-0.13159285712219734,0.9396617822232376,-0.30801523708433387,0.06961083757108051,-10.275802576690362,-1.6413741811967912,8.201526633734996,-0.0004993552353220667,-0.9000902232253476,-0.09918336939299953
-0.12892176131462157,0.9377730712330691,-0.31609860078574376,0.06358082187993327,-10.143332192584436,-1.4832210784568314,8.130246379121049,-0.0004970738275129826,-0.9000949423406993,-0.099140545138212
-0.1266617528244956,0.9354703822319285,-0.32466050870057794,0.05871557228332205,-10.071978833379152,-1.32073454698161,8.022976356245971,0.0001284816084971277,-0.8975673770009462,-0.0993640272036201
-0.12595234914005224,0.9321097460120811,-0.3342947037876809,0.059619444436380134,-10.145280145190172,-1.2557650004420453,7.84570664734188,-0.000672819660198683,-0.9000897483997545,-0.0991866530303851
-0.12323105717257514,0.9298907184797429,-0.3424045902887441,0.053632590675393124,-9.914652546539253,-1.0173705632988856,7.720439102229338,-0.02199178449116185,-0.882727636256023,-0.0994631041556282
-0.11997655845739043,0.9300929884209225,-0.3443545056302748,0.04418860444828738,-9.769055843812737,-0.9302188989777754,7.821333020668367,-0.04753321605813521,-0.8667342695768826,-0.09973704849305827
-0.11671420789857681,0.9304553144230204,-0.34557424336812315,0.03477274589553205,-9.539152925183187,-0.8581770340622054,7.783074894537603,-0.08256168671049137,-0.8249805517791826,-0.09985307277321072
-0.11361004390727457,0.9322202347437201,-0.3426914615579273,0.024914935942972505,-9.331551127850961,-0.8577750152946221,7.8886914876008545,-0.06918249085301519,-0.7999327110625719,-0.10045455054831495
-0.11073585192283522,0.9340983128415076,-0.3390517036476677,0.015551697630389234,-9.157313685853527,-0.9674109481321186,7.857825539488656,-0.04502948961571106,-0.7997262391179696,-0.09953648060210545
-0.10788191092909213,0.9317349001047353,-0.34663465928524667,0.00871677711700025,-9.078109644827006,-0.8023448347241754,7.732143800344958,-0.10210244852334774,-0.8007696769319959,-0.09921859299005142
-0.10459460882397038,0.9307106028388343,-0.3504818488555538,-0.0004638869763426747,-8.81770140924938,-0.6733940693906577,7.689583946521135,-0.07429457135861321,-0.7687097072446394,-0.09983286894233821
-0.10109505169038101,0.9316468269328884,-0.34886244932771426,-0.010438957738587492,-8.594199485432348,-0.6605484617838393,7.72375730410474,-0.1004686397448575,-0.7148361007685285,-0.10048788430425679
-0.09835989404055155,0.9341502697373164,-0.3425664591789873,-0.018352815576958493,-8.421581855483435,-0.7992192061532218,7.764793014389952,-0.0802541607446999,-0.7222269088936051,-0.10020074733344804
-0.09502171238339288,0.9332007666042345,-0.34544732923583016,-0.027809101186999283,-8.262202549689052,-0.7109293454230036,7.719627585408652,-0.09350801708934456,-0.7000343561530911,-0.09943645675470215
-0.09192257773110142,0.9349902063831403,-0.34056564680129797,-0.03685910863946341,-7.990274259088688,-0.73430627395061,7.844987907862534,-0.08168130609045055,-0.6998949065354602,-0.1003224261235988
-0.08910527209844742,0.9372054443694324,-0.33420348998136945,-0.044880205133544564,-7.773674466578898,-0.8551695015914438,7.968206888037503,-0.05330473529906444,-0.6492164141517508,-0.10041427180937908
-0.08619221448819461,0.9393321921848338,-0.3278064820059794,-0.05261981795596795,-7.614394093390357,-0.9021726011972949,8.032525742900106,-0.021405225870431168,-0.599210519578069,-0.10033926555506985
-0.08362489372583666,0.941338067597751,-0.3213525399916449,-0.060183591464725045,-7.413681243591245,-1.0679280004624938,8.07893311810777,-0.012191348493129502,-0.599962021516234,-0.10034335341450298
-0.0809355340454767,0.9432399948441872,-0.31483624433486346,-0.06801390084555706,-7.176088528214483,-1.024261941227186,8.212873413527657,-0.061551703474934785,-0.5999917473877276,-0.1004260769003088
-0.07914708267139584,0.9457548771722248,-0.306560667054952,-0.07282862778042859,-7.073963115427166,-1.2807251375784285,8.138629195004413,-0.00013245704517841317,-0.5999268887826286,-0.1004375954049399
-0.07676485130838408,0.9478415060020049,-0.2990138911311045,-0.07933681373794296,-6.9149852319359075,-1.4420509521248377,8.268134818760172,-0.0003960160825839428,-0.6010908074054284,-0.10035202972834997
-0.07396310441906445,0.9494511389028987,-0.2923764481118779,-0.08710916490338802,-6.667744659671566,-1.546491853990706,8.259870935887395,-0.00037252002066894983,-0.540359871939152,-0.10036714463410394
-0.0711286435200399,0.9509196389494569,-0.2857816532560734,-0.09498106649990326,-6.548409387574908,-1.610693695718826,8.376231225164469,-0.00031760970960270445,-0.5213346170173664,-0.10030773294378391
-0.06832506886774171,0.9523221937507089,-0.27909843808011237,-0.10255820842476318,-6.356637602840965,-1.7325154346991596,8.387473158076071,0.02639208653446194,-0.4999481399451281,-0.10036296618108137
-0.0650568301450462,0.9536473148739909,-0.272392197662598,-0.11012219729757493,-6.103906353399095,-1.9044044529927955,8.500994321885457,0.05784297273328269,-0.49895726114010364,-0.1003599121233436
-0.06206918523843395,0.9547173050046514,-0.2660135216863027,-0.11789440210859646,-5.965113271151253,-1.973611424163093,8.49459737855453,0.08578723659820937,-0.4766867950895705,-0.1003376522473846
-0.05908184612319034,0.9557577015310508,-0.2593851855788136,-0.12552241602599434,-5.79901121751385,-2.066634196307403,8.52957416980589,0.050129842140510805,-0.4722106970533348,-0.10043019009680786
-0.05630612216069018,0.9567098295231893,-0.2525594840498767,-0.1332277362916435,-5.593147158571255,-2.2575867716679427,8.512331828960056,0.09976653009342776,-0.42744522364019855,-0.00035441346156906133
-0.05341778555860352,0.9575224023961095,-0.24577848670946353,-0.1410330619620939,-5.4462912735743405,-2.2828191218612237,8.606119445976063,0.09971047579417189,-0.4223753151732793,-0.00033525572062960207
-0.05094866639642335,0.9586593651392197,-0.23804960791498367,-0.14733919775408294,-5.230101403308771,-2.530493158928221,8.555729796889858,0.11728269642062111,-0.40001120636576165,-0.00029793100892288346
-0.04954331157047464,0.9611216478952737,-0.22780186573636216,-0.14797617440904837,-5.18160767139742,-2.6984354268531217,8.724706081552382,0.12508981939236066,-0.4000278909261397,-0.0003501344989823228
-0.04822628869312509,0.9634917544123693,-0.21752300679979988,-0.14846415651946474,-5.11788919396829,-2.8252277807744717,8.7724961495367,0.14517060013787184,-0.4000516669456323,-0.00026453896191935676
-0.04586303874537725,0.9646728403160411,-0.2090079141794303,-0.1536833909177756,-5.027782692316056,-3.013942715791551,8.782340050785448,0.18243897629216263,-0.40010969993617473,-0.00041191077339757507
-0.04362390742967373,0.965855209641554,-0.20043000067469985,-0.15826712715651592,-4.9167367166148885,-3.22492162038197,8.809804922045714,0.19985968049171254,-0.4010056522620759,-0.00029741935153921966
-0.041311932352171836,0.9667753504033834,-0.19193762360915964,-0.1637030688197795,-4.723529143011954,-3.350466074105791,8.988028685233193,0.19981176534778042,-0.37846650103497775,-0.0004436735053311105
-0.03883521619582303,0.9671018932019123,-0.1845811265088155,-0.1706914229978688,-4.65887384083748,-3.4878065825237625,8.958254313499827,0.19994132005482493,-0.3651671600470544,-0.00026742315313973796
-0.036799009935072374,0.9682913801162168,-0.17484682267479784,-0.17460304883065034,-4.511957202232656,-3.7225414130751338,8.987798519665427,0.23499170932897676,-0.3391701683249615,-0.00036480526409618725
-0.03438622762948078,0.9687419414915097,-0.16667682858434665,-0.18048676671085426,-4.364268151707126,-3.900441432813899,8.87982057339047,0.2780200826653226,-0.3334893895145177,-0.00021950478160022948
-0.031838736543862094,0.9693273126460444,-0.15783278557193603,-0.18568701519570924,-4.26818255580851,-4.038854821467629,8.996313443497368,0.27755257598581834,-0.32882184694159755,-0.00044508324586736426
-0.029110848023681878,0.9691602402172407,-0.15030324736619366,-0.19310598421742212,-4.090879320089704,-4.24210564415001,8.980880294371612,0.29992122566619633,-0.3000876370014118,-0.00037566557379378415
-0.02668838489151038,0.970293697856692,-0.14037519779343177,-0.19522467532544133,-3.9994665334704886,-4.427436819698925,9.091019511264463,0.3115313972138211,-0.273755848059088,-0.0003243688851104888
-0.02431750854248174,0.9699242538952632,-0.13321410007182827,-0.2022612271940829,-3.8062462883989925,-4.565582747004849,8.966761597173287,0.3213503514275873,-0.30017221004176803,-0.0004750701462070437
-0.021931122593110697,0.9702741673993958,-0.1239621280998319,-0.20668927581317856,-3.9028224868379224,-4.792726500944527,9.05270440063308,0.3566801252475266,-0.27778966392413246,-0.0004134555756285867
-0.019661194686374634,0.9696508670359523,-0.11661429658586737,-0.21399004488927506,-3.5755857723507156,-4.9297790614490085,9.081924492217825,0.379549995669816,-0.2765122956686087,-0.0004189073852390404
-0.01723490293069095,0.9689401805454623,-0.10925234441885331,-0.22118275223100206,-3.440426943869336,-5.097430884748304,8.951467101227232,0.39641496830888334,-0.20969626376337755,-0.0005270324808196394
-0.014745709219253764,0.9689147929888441,-0.10009963565421214,-0.22575816912993554,-3.3730886786471146,-5.3288610330487165,8.898774147258608,0.39995304698880646,-0.23951783636955964,-0.00017649614519874186
-0.012287274686477214,0.9682375918108347,-0.09210336242919481,-0.2321248787062057,-3.2078115769798634,-5.4698139591139965,8.925177655095263,0.42224514226069837,-0.20027235817221772,-0.0005027044332825297
-0.01013124029968716,0.9671144810781341,-0.08484702799506634,-0.2395577598395966,-3.0408605817961027,-5.598347279143811,8.877258221657796,0.44903081611268086,-0.20021541274095894,-0.0004338514398336522
-0.007439157057260378,0.9665351897251759,-0.07566588301606174,-0.24500828580396058,-2.859305740637469,-5.796019998594142,8.898316729020346,0.49986156671045456,-0.19976996316631898,-0.0006400967478898339
-0.005319042137532473,0.9652302862668086,-0.06840959123989777,-0.2522346726570795,-2.768384276949657,-5.978645092336161,8.880779159840067,0.4952907189226912,-0.20023730391850897,-0.000476503997256699
-0.0026274372254877806,0.964934704731831,-0.05847572477664177,-0.25588024892430977,-2.600654069936799,-6.213824707964881,8.860075832195113,0.4999667921979799,-0.1659518408502786,0.04334050614882453
-0.00018653108563834275,0.963779054671135,-0.05038978513320386,-0.26189839353764105,-2.5124470710106808,-6.380765817172355,8.867633446661483,0.5422402552316187,-0.15161872045796762,0.10140304883482638
0.002354640065743536,0.9630026814322856,-0.0415409921419351,-0.2662604687073398,-2.5335299274878267,-6.511631607574309,8.789267181173242,0.5472252120329049,-0.17447427160058715,0.09984437131467983
0.004960817732400225,0.9634143554212704,-0.03128207692283206,-0.2661383131363051,-2.5391936890799633,-6.846353753434633,8.744902818866073,0.5999242107139812,-0.1512719840541127,0.099940872213181
0.007964033771440194,0.9636690076312886,-0.020963780717030693,-0.26615622817259665,-2.4925385029093734,-6.993025840268683,8.841159251625315,0.5999336070231828,-0.16251795122206433,0.09990505846661464
0.010752504130767435,0.9649057001981055,-0.011526184759954271,-0.2621231017003289,-2.581410506761293,-7.1535476988990485,8.842935530521416,0.5998774250048683,-0.17532532713261653,0.10031701154834455
0.012841330423544704,0.966873451330135,-0.004387892288413354,-0.25489522503799783,-2.709097462602022,-7.35448489902812,8.900488690716603,0.6336534453852096,-0.17552642702025,0.10036001526534676
0.014762694815159646,0.9687682030860428,0.002234533910120164,-0.24751815769643812,-2.7985095995205067,-7.5194804827135755,9.001764247913982,0.64782112130491,-0.2013038639252354,0.10052238127949704
0.015314244484592577,0.9712549781842468,0.004415489340089161,-0.2375073571956709,-2.983561957704811,-7.509886480204324,9.12831702409243,0.6314065332691986,-0.20004241925004304,0.016609009292428558
0.01541564804928446,0.973584664677027,0.004521536640106457,-0.22776043161039586,-3.2453736596779854,-7.596100113191216,9.21445503345888,0.646224699524418,-0.1996974162413146,0.00046941429488063323
0.015595231408172277,0.9758145610108429,0.004219840699987383,-0.2180021197626488,-3.368872602236746,-7.582610994302994,9.280724708333683,0.6350396300278054,-0.22419933510566636,0.00046282608571196433
0.015905884750377346,0.9780367531394079,0.004038200799345085,-0.20778547897564167,-3.621376097375577,-7.55028563014494,9.393800395310702,0.6000472079272472,-0.29487093498390526,0.0004962336269033955
0.016021038861714115,0.9800996703507242,0.003919155301518128,-0.1978196216605317,-3.788302835345443,-7.58932894563099,9.446779273919137,0.5999853919495616,-0.3004124245976917,0.00046909060296486263
0.01601076061553539,0.9821394748815887,0.0036065411847947316,-0.18743719023852157,-4.039966561563602,-7.595457214721928,9.479957449298368,0.5990048194402247,-0.30003562228774733,0.0004304622222741528
0.016440174326470287,0.9840545843380352,0.0034583741240090072,-0.17707155434973249,-4.185466533771572,-7.528026506703842,9.583263080020155,0.6000422977674418,-0.31517627375323515,0.0005146697299821732
0.01662247028691224,0.9858588178844279,0.0031805567601267443,-0.16672123062098285,-4.411997985902932,-7.597409920427137,9.673018397810793,0.6000554622162931,-0.3364371160070855,0.00042735493266154393
0.016757702601704713,0.9875046229344829,0.002812962240295148,-0.15667126836140796,-4.640105509550495,-7.554768363962793,9.716113786440005,0.5999989814296159,-0.3669705135533686,0.00040193821664308424
0.016805323443768016,0.9891039812928933,0.0024475389936698742,-0.14623578511216928,-4.820542858098323,-7.523368240287787,9.811189558496215,0.5999727462694526,-0.4002912920716383,0.00041666124203859286
0.01709890918571632,0.9905469607295365,0.0022238812305913147,-0.13608600312452804,-5.022997176313864,-7.495779551522533,9.794410492224388,0.6000204999964286,-0.39996897036967977,0.00047150541097087706
0.017293016390863284,0.9918685001479277,0.0018605537623293488,-0.1260728691594792,-5.245459567857751,-7.5609985117775995,9.880261540010173,0.5999078517322898,-0.4000264370675363,0.0005270997740163047
0.017483814170663838,0.9931334825691087,0.001629431480749994,-0.11566134615872815,-5.513003255735689,-7.520854701771353,9.986777186187682,0.6000151087177206,-0.4653379167331274,0.0005548063401254477
0.017820121871943113,0.9942943734287604,0.0014350548030424085,-0.10516217400800612,-5.677868081013296,-7.443564734187871,10.102305113257781,0.5999836116685049,-0.47533349333921443,0.0005998730531165027
0.017901784901906227,0.9953554673927973,0.0010433734426873813,-0.09458293186643717,-5.878694589652503,-7.494166186152403,10.086508740917074,0.6000260571799458,-0.49996850571435725,0.0004732845143240596
0.01809175978960631,0.9962628927475715,0.0008128765668635569,-0.08445280334981739,-6.108760199132071,-7.541116352598583,10.055233363104499,0.5999964431615006,-0.504617199835813,0.000459870500821217
0.018224847413310045,0.9970972782581201,0.0006263331624222455,-0.07392212343933523,-6.382082564523882,-7.483449708650789,10.15524737900724,0.5999679080909944,-0.5376328527389173,0.0005280148496537028
0.018329412623972936,0.9977881853603889,0.0005036189229397183,-0.063894570630554,-6.554836038816411,-7.389877134102462,10.334002353035675,0.599994637903906,-0.5617544876852256,0.00011710074330152352
